sub_id,data_file
66b0d065329001a04e5ae671,data/random-walk-env/sub-66b0d065329001a04e5ae671/infer-bet_version-rw_sub-data_sub-66b0d065329001a04e5ae671.json
67e2a624e55987ea03570bc1,data/random-walk-env/sub-67e2a624e55987ea03570bc1/infer-bet_version-rw_sub-data_sub-67e2a624e55987ea03570bc1.json
67856abfd996dd759b990859,data/random-walk-env/sub-67856abfd996dd759b990859/infer-bet_version-rw_sub-data_sub-67856abfd996dd759b990859.json
67d01f812bf82a710cd2193f,data/random-walk-env/sub-67d01f812bf82a710cd2193f/infer-bet_version-rw_sub-data_sub-67d01f812bf82a710cd2193f.json
5c702ac4bc6ab00001d7a47c,data/random-walk-env/sub-5c702ac4bc6ab00001d7a47c/infer-bet_version-rw_sub-data_sub-5c702ac4bc6ab00001d7a47c.json
6672ee650699d871b742ca6b,data/random-walk-env/sub-6672ee650699d871b742ca6b/infer-bet_version-rw_sub-data_sub-6672ee650699d871b742ca6b.json
5f4538b6ffe9f50c3cbe3ae1,data/random-walk-env/sub-5f4538b6ffe9f50c3cbe3ae1/infer-bet_version-rw_sub-data_sub-5f4538b6ffe9f50c3cbe3ae1.json
5f06eefaf3fc742667b4e79d,data/random-walk-env/sub-5f06eefaf3fc742667b4e79d/infer-bet_version-rw_sub-data_sub-5f06eefaf3fc742667b4e79d.json
66b78226fb506441beb1f81c,data/random-walk-env/sub-66b78226fb506441beb1f81c/infer-bet_version-rw_sub-data_sub-66b78226fb506441beb1f81c.json
60f43127b2b2e32120869426,data/random-walk-env/sub-60f43127b2b2e32120869426/infer-bet_version-rw_sub-data_sub-60f43127b2b2e32120869426.json
67cdc3c7ea7918dcd6f2ab2d,data/random-walk-env/sub-67cdc3c7ea7918dcd6f2ab2d/infer-bet_version-rw_sub-data_sub-67cdc3c7ea7918dcd6f2ab2d.json
6614435124bf16e7a24f9662,data/random-walk-env/sub-6614435124bf16e7a24f9662/infer-bet_version-rw_sub-data_sub-6614435124bf16e7a24f9662.json
5c437f6a4fe4f800016e3d52,data/random-walk-env/sub-5c437f6a4fe4f800016e3d52/infer-bet_version-rw_sub-data_sub-5c437f6a4fe4f800016e3d52.json
5ef877bb6b0ed15b3f6ae106,data/random-walk-env/sub-5ef877bb6b0ed15b3f6ae106/infer-bet_version-rw_sub-data_sub-5ef877bb6b0ed15b3f6ae106.json
67d18c20050ecfd766de3af3,data/random-walk-env/sub-67d18c20050ecfd766de3af3/infer-bet_version-rw_sub-data_sub-67d18c20050ecfd766de3af3.json
67d3f4de57bfcf3e3f5c45d0,data/random-walk-env/sub-67d3f4de57bfcf3e3f5c45d0/infer-bet_version-rw_sub-data_sub-67d3f4de57bfcf3e3f5c45d0.json
570157c6917228000d8d4b6a,data/random-walk-env/sub-570157c6917228000d8d4b6a/infer-bet_version-rw_sub-data_sub-570157c6917228000d8d4b6a.json
67c87f2536b2f02f785e029e,data/random-walk-env/sub-67c87f2536b2f02f785e029e/infer-bet_version-rw_sub-data_sub-67c87f2536b2f02f785e029e.json
67d95e6c11829c52f8c6dbf9,data/random-walk-env/sub-67d95e6c11829c52f8c6dbf9/infer-bet_version-rw_sub-data_sub-67d95e6c11829c52f8c6dbf9.json
66ed3470848a6d95128ef46e,data/random-walk-env/sub-66ed3470848a6d95128ef46e/infer-bet_version-rw_sub-data_sub-66ed3470848a6d95128ef46e.json
672f246d1d67d71960402ef8,data/random-walk-env/sub-672f246d1d67d71960402ef8/infer-bet_version-rw_sub-data_sub-672f246d1d67d71960402ef8.json
5bd2a0799afb5b00015be460,data/random-walk-env/sub-5bd2a0799afb5b00015be460/infer-bet_version-rw_sub-data_sub-5bd2a0799afb5b00015be460.json
65f9ad9041f0b16004a4e76d,data/random-walk-env/sub-65f9ad9041f0b16004a4e76d/infer-bet_version-rw_sub-data_sub-65f9ad9041f0b16004a4e76d.json
5dd3fd76b48da33ea5a00fb4,data/random-walk-env/sub-5dd3fd76b48da33ea5a00fb4/infer-bet_version-rw_sub-data_sub-5dd3fd76b48da33ea5a00fb4.json
5d12ce9596919a0019367dd4,data/random-walk-env/sub-5d12ce9596919a0019367dd4/infer-bet_version-rw_sub-data_sub-5d12ce9596919a0019367dd4.json
6773d45db883cc03734799cc,data/random-walk-env/sub-6773d45db883cc03734799cc/infer-bet_version-rw_sub-data_sub-6773d45db883cc03734799cc.json
665af670c32544bf63236164,data/random-walk-env/sub-665af670c32544bf63236164/infer-bet_version-rw_sub-data_sub-665af670c32544bf63236164.json
5d0c90dc3382180015624ad9,data/random-walk-env/sub-5d0c90dc3382180015624ad9/infer-bet_version-rw_sub-data_sub-5d0c90dc3382180015624ad9.json
6575c7da000442e5a54f5e24,data/random-walk-env/sub-6575c7da000442e5a54f5e24/infer-bet_version-rw_sub-data_sub-6575c7da000442e5a54f5e24.json
5d8a29c082fec30001d9c24a,data/random-walk-env/sub-5d8a29c082fec30001d9c24a/infer-bet_version-rw_sub-data_sub-5d8a29c082fec30001d9c24a.json